<?xml version="1.0" encoding="UTF-8"?>
<!DOCTYPE hibernate-configuration PUBLIC
        "-//Hibernate/Hibernate Configuration DTD 3.0//EN"
        "http://hibernate.org/dtd/hibernate-configuration-3.0.dtd">
<hibernate-configuration>
    <session-factory>
        <property name="hibernate.connection.driver_class">com.mysql.jdbc.Driver</property>
        <property name="hibernate.connection.password">inverse</property>
        <property name="hibernate.connection.url">jdbc:mysql://172.25.34.89/mydb</property>
        <property name="hibernate.connection.username">sagar.verma</property>
        <property name="hibernate.dialect">org.hibernate.dialect.MySQLDialect</property>
 
        <property name="hibernate.current_session_context_class">thread</property>
        <property name="hibernate.show_sql">true</property>
 
        <mapping class="com.r2r.book.model.Book" />
		<mapping class="com.r2r.regis.model.Customer" />
		<mapping class="com.r2r.order.model.Order" />
		<mapping class="com.r2r.subsorder.model.SubscriptionOrder" />
		<mapping class="com.r2r.subsplan.model.SubscriptionPlan" />
    </session-factory>
</hibernate-configuration>