<?xml version="1.0" encoding="UTF-8"?>
<beans xmlns="http://www.springframework.org/schema/beans"
    xmlns:xsi="http://www.w3.org/2001/XMLSchema-instance"
    xsi:schemaLocation="http://www.springframework.org/schema/beans http://www.springframework.org/schema/beans/spring-beans.xsd">
 
 
 <bean class="org.springframework.scheduling.quartz.SchedulerFactoryBean">
 <property name="triggers">
  <list>
   <ref bean="birthdayWisherCronTrigger" />
  </list>
 </property>
 </bean>
 <bean id="birthdayWisherCronTrigger" class="org.springframework.scheduling.quartz.CronTriggerBean">
  <property name="jobDetail" ref="birthdayWisherJob" />
  <!-- run every morning at 6 AM -->
  <property name="cronExpression" value="0/5 * * * * ?" />
 </bean>
 
 <bean name="birthdayWisherJob" class="org.springframework.scheduling.quartz.JobDetailBean">
  <property name="jobClass" value="com.quartz.ex.BirthdayWisherJob" />
 </bean>
  

  
</beans>