<?xml version="1.0" encoding="UTF-8"?>
<beans:beans xmlns="http://www.springframework.org/schema/mvc"
    xmlns:xsi="http://www.w3.org/2001/XMLSchema-instance" xmlns:beans="http://www.springframework.org/schema/beans"
    xmlns:context="http://www.springframework.org/schema/context" xmlns:tx="http://www.springframework.org/schema/tx"
    xmlns:mvc="http://www.springframework.org/schema/mvc"
    xsi:schemaLocation="http://www.springframework.org/schema/mvc http://www.springframework.org/schema/mvc/spring-mvc.xsd
        http://www.springframework.org/schema/beans http://www.springframework.org/schema/beans/spring-beans.xsd
        http://www.springframework.org/schema/context http://www.springframework.org/schema/context/spring-context.xsd
        http://www.springframework.org/schema/tx http://www.springframework.org/schema/tx/spring-tx-4.0.xsd">
 
    <!-- DispatcherServlet Context: defines this servlet's request-processing 
        infrastructure -->
 
    <!-- Enables the Spring MVC @Controller programming model -->
    <annotation-driven />
 
    <!-- Handles HTTP GET requests for /resources/** by efficiently serving 
        up static resources in the ${webappRoot}/resources directory -->
    <resources mapping="/resources/**" location="/resources/" />
 
 	<mvc:resources mapping="/pages/**" location="/WEB-INF/pages/" />
	<mvc:annotation-driven/>
	
    <!-- Resolves views selected for rendering by @Controllers to .jsp resources 
        in the /WEB-INF/views directory -->
    <beans:bean
        class="org.springframework.web.servlet.view.InternalResourceViewResolver">
        <beans:property name="prefix" value="/WEB-INF/views/" />
        <beans:property name="suffix" value=".jsp" />
    </beans:bean>
    
    <!-- Configure to plugin JSON as request and response in method handler -->
	<beans:bean class="org.springframework.web.servlet.mvc.method.annotation.RequestMappingHandlerAdapter">
		<beans:property name="messageConverters">
			<beans:list>
				<beans:ref bean="jsonMessageConverter"/>
			</beans:list>
		</beans:property>
	</beans:bean>
	
	<!-- Configure bean to convert JSON to POJO and vice versa -->
    <beans:bean id="jsonMessageConverter" class="org.springframework.http.converter.json.MappingJackson2HttpMessageConverter">
    </beans:bean> 
    
	<beans:bean class="org.springframework.scheduling.quartz.SchedulerFactoryBean">
 		<beans:property name="triggers">
 			<beans:list>
 				<beans:ref bean="subsPlanEmailTrigger"/>
 			</beans:list>
 		</beans:property>
 	</beans:bean>
 	
 	<beans:bean id="subsPlanEmailTrigger" class="org.springframework.scheduling.quartz.SimpleTriggerFactoryBean">
 		<beans:property name="jobDetail" ref="subsPlanEmailJob"/>
 		<beans:property name="repeatInterval" value="86400000" />

 	</beans:bean>
 	
 	<beans:bean name="subsPlanEmailJob" class="org.springframework.scheduling.quartz.JobDetailBean">
 		<beans:property name="jobClass" value="com.r2r.jobs.SubsPlanEmail"/>
 	</beans:bean>
 	
 	<beans:bean id="multipartResolver" class="org.springframework.web.multipart.commons.CommonsMultipartResolver">

		 <!-- setting maximum upload size -->
		<beans:property name="maxUploadSize" value="100000" />

	</beans:bean>
	
    <beans:bean id="dataSource" class="org.apache.commons.dbcp.BasicDataSource"
        destroy-method="close">
        <beans:property name="driverClassName" value="com.mysql.jdbc.Driver" />
        <beans:property name="url"
            value="jdbc:mysql://172.25.34.89:3306/mydb" />
        <beans:property name="username" value="sagar.verma" />
        <beans:property name="password" value="inverse" />
    </beans:bean>
 
    
    <!-- Hibernate 4 SessionFactory Bean definition -->
    <beans:bean id="hibernate4AnnotatedSessionFactory"
        class="org.springframework.orm.hibernate4.LocalSessionFactoryBean">
        <beans:property name="dataSource" ref="dataSource" />
        <beans:property name="annotatedClasses">
            <beans:list>
                <beans:value>com.r2r.regis.model.Customer</beans:value>
                <beans:value>com.r2r.subsplan.model.SubscriptionPlan</beans:value>
                <beans:value>com.r2r.book.model.Book</beans:value>
                <beans:value>com.r2r.subsorder.model.SubscriptionOrder</beans:value>
                <beans:value>com.r2r.order.model.Order</beans:value>
            </beans:list>
        </beans:property>
        <beans:property name="hibernateProperties">
            <beans:props>
                <beans:prop key="hibernate.dialect">org.hibernate.dialect.MySQLDialect
                </beans:prop>
                <beans:prop key="hibernate.show_sql">true</beans:prop>
            </beans:props>
        </beans:property>
    </beans:bean>
     
   
    
    <beans:bean id="customerDAO" class="com.r2r.regis.dao.CustomerDAOImpl">
        <beans:property name="sessionFactory" ref="hibernate4AnnotatedSessionFactory" />
    </beans:bean>
    <beans:bean id="customerService" class="com.r2r.regis.service.CustomerServiceImpl">
        <beans:property name="customerDAO" ref="customerDAO"></beans:property>
    </beans:bean>
    
   
   	<beans:bean id="subsPlanDAO" class="com.r2r.subsplan.dao.SubsPlanDAOImpl">
        <beans:property name="sessionFactory" ref="hibernate4AnnotatedSessionFactory" />
    </beans:bean>
    <beans:bean id="subsPlanService" class="com.r2r.subsplan.service.SubsPlanServiceImpl">
        <beans:property name="subsPlanDAO" ref="subsPlanDAO"></beans:property>
    </beans:bean>
    
   	<beans:bean id="bookDAO" class="com.r2r.book.dao.BookDAOImpl">
        <beans:property name="sessionFactory" ref="hibernate4AnnotatedSessionFactory" />
    </beans:bean>
    <beans:bean id="bookService" class="com.r2r.book.service.BookServiceImpl">
        <beans:property name="bookDAO" ref="bookDAO"></beans:property>
    </beans:bean>
    
    <beans:bean id="subsOrderDAO" class="com.r2r.subsorder.dao.SubsOrderDAOImpl">
        <beans:property name="sessionFactory" ref="hibernate4AnnotatedSessionFactory" />
    </beans:bean>
    <beans:bean id="subsOrderService" class="com.r2r.subsorder.service.SubsOrderServiceImpl">
        <beans:property name="subsOrderDAO" ref="subsOrderDAO"></beans:property>
    </beans:bean>
    
    <beans:bean id="orderDAO" class="com.r2r.order.dao.OrderDAOImpl">
        <beans:property name="sessionFactory" ref="hibernate4AnnotatedSessionFactory" />
    </beans:bean>
    <beans:bean id="orderService" class="com.r2r.order.service.OrderServiceImpl">
        <beans:property name="orderDAO" ref="orderDAO"></beans:property>
    </beans:bean>
        
     
    <context:component-scan base-package="com.r2r.controller" />
     
    <tx:annotation-driven transaction-manager="transactionManager"/>
     
    <beans:bean id="transactionManager" class="org.springframework.orm.hibernate4.HibernateTransactionManager">
        <beans:property name="sessionFactory" ref="hibernate4AnnotatedSessionFactory" />
    </beans:bean>
   
   
 
</beans:beans>